DoctorID,DoctorName,DepartmentID,ExperienceYears,Salary,Shift
1,Dr. Olivia Miller,12,26,265716,Evening
2,Dr. Noah Clark,5,6,104976,Night
3,Dr. John Johnson,6,17,203452,Evening
4,Dr. Karen Clark,12,4,81405,Evening
5,Dr. Susan Clark,7,21,183467,Night
6,Dr. Patricia Jones,9,4,232171,Morning
7,Dr. Thomas Garcia,9,33,168913,Evening
8,Dr. William Williams,6,35,193489,Morning
9,Dr. Thomas Brown,6,4,113520,Evening
10,Dr. Lucas Rodriguez,12,25,192744,Evening
11,Dr. Ethan Rodriguez,10,18,215521,Evening
12,Dr. Linda Garcia,6,33,280192,Morning
13,Dr. Jessica White,1,14,118960,Morning
14,Dr. Joseph Garcia,1,32,148216,Morning
15,Dr. Liam White,7,9,209737,Morning
16,Dr. Elizabeth Anderson,12,33,199998,Evening
17,Dr. Michael Jones,2,24,104530,Morning
18,Dr. Lucas Martinez,3,12,276591,Night
19,Dr. Mia Rodriguez,10,15,232973,Morning
20,Dr. Susan Moore,3,28,100141,Morning
21,Dr. Ava Harris,11,8,166155,Morning
22,Dr. Charles Brown,7,25,234753,Morning
23,Dr. Mia Taylor,3,3,101250,Evening
24,Dr. Mia Harris,8,19,235767,Night
25,Dr. James Taylor,1,30,165174,Night
26,Dr. Noah Moore,3,15,92761,Night
27,Dr. Charles Taylor,1,6,223433,Night
28,Dr. Jennifer Williams,7,18,126664,Morning
29,Dr. Ava Thomas,2,3,134584,Morning
30,Dr. Jennifer Thomas,5,11,111615,Evening
31,Dr. Barbara Jackson,12,21,259558,Night
32,Dr. William Anderson,11,8,298117,Evening
33,Dr. Susan Miller,8,30,181735,Evening
34,Dr. Thomas Moore,10,29,103651,Evening
35,Dr. Sophia Anderson,10,13,193798,Night
36,Dr. Linda Williams,1,34,169586,Evening
37,Dr. Olivia Davis,11,11,209845,Night
38,Dr. Emma Martin,2,20,202740,Evening
39,Dr. Robert Harris,5,11,113499,Night
40,Dr. Ethan Martinez,4,35,192127,Evening
41,Dr. Sarah Johnson,9,6,91821,Night
42,Dr. Michael Martin,7,28,104768,Evening
43,Dr. Olivia Moore,5,24,146810,Night
44,Dr. Robert Martin,1,9,274121,Night
45,Dr. Elizabeth Garcia,3,27,91864,Morning
46,Dr. Linda Martinez,6,31,278535,Night
47,Dr. Elizabeth Clark,5,23,292338,Morning
48,Dr. Richard Garcia,2,18,256530,Morning
49,Dr. Linda Thompson,1,2,183529,Morning
50,Dr. James Garcia,11,32,200628,Night
51,Dr. Jennifer Clark,12,33,159377,Night
52,Dr. Mia Clark,6,27,290931,Evening
53,Dr. Robert Jones,3,2,130017,Morning
54,Dr. Mia Smith,12,14,87029,Morning
55,Dr. Barbara Jones,11,17,194239,Night
56,Dr. Lucas Thompson,4,7,158883,Evening
57,Dr. William Harris,7,3,110528,Morning
58,Dr. Ethan Jones,12,30,207152,Evening
59,Dr. James White,10,17,132779,Evening
60,Dr. Sarah Thomas,1,23,82064,Morning
61,Dr. Emma Jackson,7,33,273220,Night
62,Dr. Karen Thompson,5,4,207794,Evening
63,Dr. Barbara Martin,10,33,140792,Night
64,Dr. John Martin,1,29,231100,Evening
65,Dr. Jessica Williams,5,28,204082,Morning
66,Dr. Barbara Clark,11,24,197525,Night
67,Dr. Linda Smith,3,20,270371,Morning
68,Dr. Barbara Anderson,8,16,213073,Morning
69,Dr. Sarah Taylor,10,31,114382,Evening
70,Dr. Noah Thomas,7,25,288659,Evening
71,Dr. Sophia Garcia,10,15,154044,Night
72,Dr. Noah Williams,11,32,113841,Morning
73,Dr. Richard Garcia,10,33,106451,Evening
74,Dr. Barbara Martinez,4,15,225969,Morning
75,Dr. James Anderson,5,24,257452,Morning
76,Dr. David Martin,1,6,168535,Evening
77,Dr. Michael Clark,4,9,227320,Morning
78,Dr. Barbara Rodriguez,6,24,281686,Morning
79,Dr. Ava Thompson,5,11,260914,Night
80,Dr. Karen Brown,12,5,194773,Evening
81,Dr. Mia Brown,2,8,295904,Night
82,Dr. John Martin,2,12,245131,Morning
83,Dr. Lucas Miller,6,12,270932,Evening
84,Dr. Liam White,9,33,272034,Morning
85,Dr. William Anderson,6,10,112239,Morning
86,Dr. Elizabeth Jackson,1,17,298841,Evening
87,Dr. Mary Martinez,9,12,102343,Evening
88,Dr. Patricia Jackson,6,17,119743,Night
89,Dr. Linda Davis,3,29,188372,Evening
90,Dr. Ethan White,9,25,87802,Evening
91,Dr. William Smith,12,35,98240,Morning
92,Dr. Mary Taylor,7,12,193789,Morning
93,Dr. Jennifer Johnson,11,11,230616,Morning
94,Dr. Emma Martin,5,28,185382,Night
95,Dr. Liam Thompson,5,22,170218,Morning
96,Dr. Mia Rodriguez,9,11,263578,Evening
97,Dr. Elizabeth Miller,9,30,262837,Evening
98,Dr. Ethan Thomas,4,21,102093,Morning
99,Dr. Jessica Taylor,7,10,216438,Night
100,Dr. Charles Miller,2,34,224647,Evening
